scale,seed,accounts,mules,base_rate_pct,labels,precision_at_k,lift,recall_at_k,networks_hit,conf_fp,rules_precision,gbm_precision
1.0,42,6763,243,3.593,36,0.995,27.7,0.819,14,0.0,0.475,0.91
2.0,42,13246,266,2.008,39,0.88,43.8,0.662,14,0.0,0.325,0.875
4.0,42,26178,278,1.062,41,1.0,94.2,0.719,14,0.0,0.2,0.82
8.0,42,52000,260,0.5,39,0.99,198.0,0.762,14,0.0,0.085,0.555
4.0,7,26115,215,0.823,32,0.85,103.2,0.791,14,0.015,0.13,0.66
4.0,13,26163,263,1.005,39,1.0,99.5,0.76,14,0.0,0.185,0.565
4.0,21,26105,205,0.785,30,0.95,121.0,0.927,14,0.005,0.19,0.69
6.0,42,39055,235,0.602,35,0.985,163.7,0.838,14,0.005,0.075,0.565
10.0,42,64936,276,0.425,41,0.99,232.9,0.717,14,0.005,0.04,0.655
